date,sha,product,architecture,engineering,qa,ux,composite,decision
2026-06-05,c17129a,9,8,9,8,8,84,bridge-gaps
2026-06-05,69164a7,9,9,9,9,9,90,ship
2026-06-05,8c833ff,9,9,9,9,9,90,shipped-to-github
2026-06-05,992b680,9,8,9,9,8,86,bridge-gaps
2026-06-05,316ec74,9,9,9,9,9,90,ship
2026-06-05,019ad73,10,9,9,7,8,86,bridge-gaps
2026-06-05,0636bca,10,9,10,8,8,90,ship
2026-06-05,f301986,10,9,10,8,8,90,ship
2026-06-05,9ec99c6,10,9,10,8,8,90,shipped-to-github
2026-06-05,9e03b5a,10,9,10,8,8,90,cleanup+security-fix+push-github
2026-06-05,8a48099,10,9,10,8,8,90,ship
2026-06-05,855bb49,10,9,10,8,8,90,shipped-to-github
2026-06-05,002ec75,10,9,10,8,8,90,ship
2026-06-05,08137d5,10,9,10,8,8,90,shipped-to-github
2026-06-05,7be6af8,10,9,10,9,8,92,ship
